-- ============================================================
-- Phase 1: Seed Data
-- 3 วิชา + 8 sections
-- ============================================================

-- ใส่ subjects ก่อน แล้วเก็บ id ไว้ใช้
insert into subjects (id, name, code, type) values
  ('11111111-0000-0000-0000-000000000001', 'คณิตศาสตร์พื้นฐาน',   'MATH101', 'basic'),
  ('11111111-0000-0000-0000-000000000002', 'คณิตศาสตร์เพิ่มเติม',  'MATH201', 'advanced'),
  ('11111111-0000-0000-0000-000000000003', 'สถิติและความน่าจะเป็น', 'MATH301', 'elective');

-- 8 sections กระจายตามวิชา
-- พื้นฐาน: ห้อง 11, 12, 21, 22  (4 ห้อง)
-- เพิ่มเติม: ห้อง 11, 12         (2 ห้อง — นักเรียนห้อง 11/12 เรียนทั้ง 2 วิชา)
-- เลือก: ห้อง 31, 41             (2 ห้อง)

insert into sections (id, name, subject_id, academic_year) values
  ('22222222-0000-0000-0000-000000000001', '11', '11111111-0000-0000-0000-000000000001', '2567'),
  ('22222222-0000-0000-0000-000000000002', '12', '11111111-0000-0000-0000-000000000001', '2567'),
  ('22222222-0000-0000-0000-000000000003', '21', '11111111-0000-0000-0000-000000000001', '2567'),
  ('22222222-0000-0000-0000-000000000004', '22', '11111111-0000-0000-0000-000000000001', '2567'),
  ('22222222-0000-0000-0000-000000000005', '11', '11111111-0000-0000-0000-000000000002', '2567'),
  ('22222222-0000-0000-0000-000000000006', '12', '11111111-0000-0000-0000-000000000002', '2567'),
  ('22222222-0000-0000-0000-000000000007', '31', '11111111-0000-0000-0000-000000000003', '2567'),
  ('22222222-0000-0000-0000-000000000008', '41', '11111111-0000-0000-0000-000000000003', '2567');

-- ตัวอย่าง assignments (ผูกกับวิชา ใช้ร่วมทุกห้อง)
insert into assignments (subject_id, title, description, due_date, max_score) values
  ('11111111-0000-0000-0000-000000000001', 'แบบฝึกหัดบทที่ 1', 'จำนวนจริงและการดำเนินการ', now() + interval '7 days', 10),
  ('11111111-0000-0000-0000-000000000001', 'แบบฝึกหัดบทที่ 2', 'เซตและการดำเนินการของเซต',  now() + interval '14 days', 10),
  ('11111111-0000-0000-0000-000000000002', 'งานบทที่ 1 เพิ่มเติม', 'ลำดับและอนุกรม',          now() + interval '7 days', 20),
  ('11111111-0000-0000-0000-000000000003', 'โปรเจกต์สถิติ',        'เก็บข้อมูลและวิเคราะห์',  now() + interval '30 days', 50);
